"slug","title","excerpt","date","readTime","author","keywords","image"
"mobile-detailing-benefits","Shine On with Mobile Detailing Services: Mobile Detailing Benefits for Your Vehicle","Mobile detailing saves you the trip to a shop and gets better results than a drive-through wash ever could. Here's why more people are switching to mobile service and what to expect.","2026-02-16","4 min read","Nathan Shannon","","https://static.wixstatic.com/media/da9245_87ef88e773fe4360b6f51d45575778cb~mv2.png/v1/fill/w_600,h_400,fp_0.50_0.50,q_85,enc_avif,quality_auto/da9245_87ef88e773fe4360b6f51d45575778cb~mv2.webp"
"car-interior-detailing-guide","Comprehensive Guide to Car Interior Detailing","Keeping your car's interior clean and fresh is essential for comfort, hygiene, and maintaining the vehicle's value. A well-maintained interior not only looks great but also creates a healthier driving environment.","2025-08-27","3 min read","Nathan Shannon","","https://static.wixstatic.com/media/da9245_497c408217c846bc9c858e14869b7c21~mv2.png/v1/fill/w_600,h_400,fp_0.50_0.50,q_85,enc_avif,quality_auto/da9245_497c408217c846bc9c858e14869b7c21~mv2.webp"
"auto-detailing-services-enhance-vehicle","How Auto Detailing Services Enhance Your Vehicle","Auto detailing goes well beyond a basic wash. It's a full restoration process that cleans, corrects, and protects every surface of your vehicle inside and out.","2025-08-18","4 min read","Nathan Shannon","","https://static.wixstatic.com/media/da9245_82467032aae94df796e9652734e6608f~mv2.png/v1/fill/w_600,h_400,fp_0.50_0.50,q_85,enc_avif,quality_auto/da9245_82467032aae94df796e9652734e6608f~mv2.webp"
"keep-car-pristine-all-year","How to Keep Your Car in Pristine Condition All Year Round","Owning a car comes with certain responsibilities. Regular maintenance is crucial for ensuring longevity and preserving its aesthetic appeal through every season.","2025-07-24","3 min read","Nathan Shannon","","https://static.wixstatic.com/media/da9245_f48ce4c8c2e542b588a5a9ad1d33d4d4~mv2.png/v1/fill/w_600,h_400,fp_0.50_0.50,q_85,enc_avif,quality_auto/da9245_f48ce4c8c2e542b588a5a9ad1d33d4d4~mv2.webp"
"importance-keeping-car-looking-new","The Importance of Keeping Your Car Looking Like New","Owning a car is a significant investment. Keeping it looking brand new not only enhances its aesthetic appeal but also maintains its resale value over time.","2025-07-19","4 min read","Nathan Shannon","","https://static.wixstatic.com/media/da9245_5cb5bc21226c41629ad7b2178f2e079a~mv2.png/v1/fill/w_600,h_400,fp_0.50_0.50,q_85,enc_avif,quality_auto/da9245_5cb5bc21226c41629ad7b2178f2e079a~mv2.webp"
"professional-detailing-transform-vehicle","How Professional Detailing Can Transform Your Vehicle","Owning a vehicle is not just about getting from point A to point B; it's about the experience and the impression it leaves. Professional detailing can make all the difference.","2025-06-30","4 min read","Nathan Shannon","","https://static.wixstatic.com/media/da9245_760f586cd8664697bb3ae1a94bb80806~mv2.png/v1/fill/w_600,h_400,fp_0.50_0.50,q_85,enc_avif,quality_auto/da9245_760f586cd8664697bb3ae1a94bb80806~mv2.webp"
"mobile-detailing-busy-schedules","The Convenience of Mobile Detailing for Busy Schedules","Between work, family, and everything else, who has time to sit at a detail shop for four hours? Mobile detailing brings the service to you so you can get on with your day.","2025-06-25","4 min read","Nathan Shannon","","https://static.wixstatic.com/media/da9245_e63bf0ecb3fb46f6b7188c25af4c8539~mv2.png/v1/fill/w_600,h_400,fp_0.50_0.50,q_85,enc_avif,quality_auto/da9245_e63bf0ecb3fb46f6b7188c25af4c8539~mv2.webp"
"interior-care-vehicle-longevity","Why Interior Care is Crucial for Your Vehicle's Longevity","Keeping your vehicle's interior clean and well-maintained is about more than just aesthetics. It plays a significant role in ensuring the longevity of your car.","2025-06-16","3 min read","Nathan Shannon","","https://static.wixstatic.com/media/da9245_b543dfbc78c848cd944a84f901a6879f~mv2.png/v1/fill/w_600,h_400,fp_0.50_0.50,q_85,enc_avif,quality_auto/da9245_b543dfbc78c848cd944a84f901a6879f~mv2.webp"
"interior-detailing-revive-cabin","How Interior Detailing Can Revive Your Car's Cabin","The interior of your car holds more than just the equipment you need for your daily commute. It's a personal space where you spend a significant amount of time.","2025-06-11","4 min read","Nathan Shannon","","https://static.wixstatic.com/media/da9245_dce2998acce047da8b82fcc4ea76e20e~mv2.png/v1/fill/w_600,h_400,fp_0.50_0.50,q_85,enc_avif,quality_auto/da9245_dce2998acce047da8b82fcc4ea76e20e~mv2.webp"
"ultimate-guide-professional-auto-detailing","The Ultimate Guide to Professional Auto Detailing","Auto detailing is a meticulous process that goes beyond a typical car wash. It involves deep cleaning and restoring a vehicle's appearance inside and out.","2025-06-02","5 min read","Nathan Shannon","","https://static.wixstatic.com/media/da9245_46102a327bcc41a88174b07095e620fd~mv2.png/v1/fill/w_600,h_400,fp_0.50_0.50,q_85,enc_avif,quality_auto/da9245_46102a327bcc41a88174b07095e620fd~mv2.webp"
"benefits-regular-car-detailing","Top Benefits of Regular Car Detailing for Your Vehicle","Regular car detailing goes beyond just an aesthetic enhancement. It is a vital investment that promotes the longevity and performance of your vehicle.","2025-05-26","4 min read","Nathan Shannon","","https://static.wixstatic.com/media/da9245_7e33c242dc494a8ab3eeb7ccb857f957~mv2.jpg/v1/fill/w_600,h_400,fp_0.50_0.50,q_85,enc_avif,quality_auto/da9245_7e33c242dc494a8ab3eeb7ccb857f957~mv2.webp"
"quality-automotive-detailing-experience","What to Expect from a Quality Automotive Detailing Experience","When it comes to maintaining your vehicle's appearance and longevity, nothing quite compares to a quality automotive detailing experience.","2025-05-19","3 min read","Nathan Shannon","","https://static.wixstatic.com/media/da9245_7d1c4d12063f407c9b3794d24f74c11a~mv2.png/v1/fill/w_600,h_400,fp_0.50_0.50,q_85,enc_avif,quality_auto/da9245_7d1c4d12063f407c9b3794d24f74c11a~mv2.webp"
"professional-detailing-enhances-appearance","How Professional Detailing Enhances Your Vehicle's Appearance","When you want your car to look its best, professional detailing is the way to go. But what exactly does this process entail, and how can it benefit you?","2025-05-12","3 min read","Nathan Shannon","","https://static.wixstatic.com/media/da9245_be7c8a3aff304bfc8d60f019e53ad7ef~mv2.png/v1/fill/w_600,h_400,fp_0.50_0.50,q_85,enc_avif,quality_auto/da9245_be7c8a3aff304bfc8d60f019e53ad7ef~mv2.webp"
"choosing-right-soap-protecting-paint","Choosing the Right Soap: Protecting Your Car's Paint","Using the right soap for your car is crucial. Learn about the harmful effects of dish soap on your vehicle's paint and what to use instead.","2023-09-21","3 min read","Nathan Shannon","","https://static.wixstatic.com/media/da9245_ad1ac0d98c4743cba9e0dcc893d57940~mv2.jpg/v1/fill/w_600,h_400,fp_0.50_0.50,q_85,enc_avif,quality_auto/da9245_ad1ac0d98c4743cba9e0dcc893d57940~mv2.webp"
"exterior-detailing-techniques-restore-shine","Exterior Detailing: Techniques to Restore Your Car's Shine","Discover the professional techniques used to restore your car's exterior shine, from clay bar treatment to paint correction and ceramic coating.","2023-07-20","2 min read","Nathan Shannon","","https://static.wixstatic.com/media/da9245_dab9149ca8bc42ccb2aaee7c4d47a9c1~mv2.jpg/v1/fill/w_600,h_400,fp_0.50_0.50,q_85,enc_avif,quality_auto/da9245_dab9149ca8bc42ccb2aaee7c4d47a9c1~mv2.webp"
"interior-detailing-101-fresh-cabin","Interior Detailing 101: Tips for a Fresh and Inviting Cabin","A clean and well-maintained car interior not only enhances the overall driving experience but also leaves a lasting impression on passengers.","2023-07-20","2 min read","Nathan Shannon","","https://static.wixstatic.com/media/da9245_28fa26aecb0643dcb26d8e2bb05220b3~mv2.jpg/v1/fill/w_600,h_400,fp_0.50_0.50,q_85,enc_avif,quality_auto/da9245_28fa26aecb0643dcb26d8e2bb05220b3~mv2.webp"
"importance-keeping-car-clean-protected","The Importance of Keeping Your Car Clean and Protected: A Guide from Shine On Autocare","Discover the importance of keeping your car clean and protected. Learn how regular detailing enhances value, safety, and your driving experience.","2023-07-20","2 min read","Nathan Shannon","","https://static.wixstatic.com/media/da9245_a8a738d75e51446e97ab4b1e34867e4b~mv2.jpg/v1/fill/w_600,h_400,fp_0.50_0.50,q_85,enc_avif,quality_auto/da9245_a8a738d75e51446e97ab4b1e34867e4b~mv2.webp"
"ceramic-coating-cost-san-antonio","How Much Does Ceramic Coating Cost in San Antonio?","A breakdown of ceramic coating pricing in the San Antonio and South Texas area. Learn what affects the cost and what you should expect from a professional application.","2026-02-20","5 min read","Nathan Shannon","ceramic coating cost San Antonio, ceramic coating price Texas, how much does ceramic coating cost, professional ceramic coating San Antonio","/images/hero-poster.jpg"
"mobile-detailing-vs-shop-detailing","Mobile Detailing vs. Shop Detailing: Which Is Better?","Comparing mobile auto detailing to traditional shop detailing. Discover the pros and cons of each and why mobile service is gaining popularity in South Texas.","2026-02-18","4 min read","Nathan Shannon","mobile detailing vs shop, mobile auto detailing benefits, mobile detailing San Antonio, mobile car detailing near me","/images/service-interior-exterior.jpg"
"best-ceramic-coating-texas-heat","Best Ceramic Coating for Texas Heat and Sun","Texas sun is brutal on vehicle paint. Learn why ceramic coating is the best defense against UV damage, oxidation, and fading in the South Texas climate.","2026-02-15","5 min read","Nathan Shannon","ceramic coating Texas heat, best ceramic coating for sun, UV protection ceramic coating, ceramic coating South Texas","/images/hero-poster.jpg"
"how-often-detail-truck-south-texas","How Often Should You Detail Your Truck in South Texas?","From ranch dust to highway grime, South Texas trucks take a beating. Here's how often you should schedule professional detailing based on how you use your truck.","2026-02-12","4 min read","Nathan Shannon","truck detailing frequency, how often to detail truck, truck detailing South Texas, truck detailing San Antonio, truck detailing Pleasanton TX","/images/service-full-detail.jpg"
"what-is-paint-correction","What Is Paint Correction and Does Your Car Need It?","Paint correction removes swirl marks, scratches, and oxidation to restore your vehicle's finish. Learn what it involves, when you need it, and what to expect.","2026-02-10","5 min read","Nathan Shannon","paint correction, what is paint correction, paint correction San Antonio, swirl mark removal, paint correction cost Texas","/images/service-interior-exterior.jpg"
"rv-detailing-guide-texas-road-trip","RV Detailing Guide: Preparing Your RV for a Texas Road Trip","Get your RV road-trip ready with this complete detailing guide. From exterior wash to interior deep clean, here's how to prepare your RV for the Texas highway.","2026-02-08","5 min read","Nathan Shannon","RV detailing, RV detailing Texas, RV road trip preparation, mobile RV detailing San Antonio, RV cleaning guide","/images/service-full-detail.jpg"
