"slug","title","subtitle","description","metaTitle","metaDescription","keywords","pricingDisplay","startingPrice","formServiceValue","feature1Title","feature1Description","feature2Title","feature2Description","feature3Title","feature3Description","feature4Title","feature4Description","feature5Title","feature5Description","feature6Title","feature6Description","processStep1","processStep2","processStep3","processStep4","processStep5","relatedServices"
"ceramic-coating","Professional Ceramic Coating","Long-Lasting Protection for Your Vehicle's Paint","Your vehicle's paint takes a beating every day from UV rays, road grime, bird droppings, and more. Our professional ceramic coating creates an invisible shield that keeps your paint looking fresh for 2 to 5 years. You get a deep, glossy finish with a hydrophobic surface that repels water and contaminants. It is the best long-term investment you can make for your vehicle's appearance.","Ceramic Coating Pleasanton & San Antonio TX | Shine On Autocare","Professional ceramic coating with 2-5 years of protection. Hydrophobic finish, UV resistance, and showroom gloss. Veteran-owned mobile service in Pleasanton and San Antonio, TX.","ceramic coating Pleasanton TX, ceramic coating San Antonio, professional ceramic coating, paint protection, hydrophobic coating, UV protection, car ceramic coating near me, mobile ceramic coating Texas","Starting at $1,500. Exact pricing depends on vehicle size and condition.","1500.00","ceramic","Paint Decontamination","We start with a thorough wash and clay bar treatment to pull out embedded contaminants, brake dust, and industrial fallout. This gives the coating a perfectly clean surface to bond to.","Single-Stage Paint Correction","Light swirl marks and minor scratches get polished out before the coating goes on. This step makes sure you're locking in a clean, smooth finish rather than sealing in imperfections.","Ceramic Coating Application","We apply a professional-grade ceramic coating by hand, panel by panel. The coating chemically bonds to your paint and creates a durable, protective layer that lasts for years.","Hydrophobic Finish","Once cured, the coating creates an ultra-slick surface that causes water to bead up and roll off. Dirt and grime have a much harder time sticking, so your vehicle stays cleaner between washes.","UV and Chemical Protection","The coating acts as a barrier against UV rays, bird droppings, tree sap, road salt, and other chemicals that break down your paint over time. Your color stays deep and vibrant for years.","Multi-Year Warranty","Every ceramic coating we apply comes with a warranty for your peace of mind. Depending on the package, you get 2 to 5 years of guaranteed protection backed by our warranty and our word.","We start with a full decontamination wash, including a clay bar treatment, to remove every bit of embedded dirt and fallout from your paint.","Next, we perform a single-stage paint correction to polish out swirl marks and light scratches so the surface is smooth and ready for coating.","The ceramic coating is applied by hand, one panel at a time, and allowed to cure properly for maximum bond strength.","After curing, we do a final inspection under specialty lighting to confirm full coverage and an even, flawless finish.","We walk you through aftercare instructions so you know exactly how to maintain that hydrophobic shine for years to come.","interior-detailing|exterior-detailing|paint-correction|truck-suv-detailing|rv-motorcycle"
"interior-detailing","Interior Detailing","Deep Clean Every Surface Inside Your Vehicle","Over time, your vehicle's interior collects dust, crumbs, spills, pet hair, and odors that regular cleaning just can not reach. Our interior detailing goes beyond a basic vacuum. We deep clean every surface, condition your leather, shampoo your seats, and eliminate odors so your cabin feels brand new again.","Interior Detailing Pleasanton & San Antonio TX | Shine On Autocare","Professional interior detailing that deep cleans every surface inside your vehicle. Seat shampooing, leather conditioning, odor elimination, and more. Mobile service in Pleasanton and San Antonio, TX.","interior detailing Pleasanton TX, interior detailing San Antonio, car interior cleaning, seat shampooing, leather conditioning, odor removal, mobile interior detailing, auto interior detail near me","Starting at $185. Price varies by vehicle size and condition.","65.00","interior","Full Vacuum and Steam Clean","Every inch of your interior gets vacuumed, from the seats and floor mats to the trunk and hard-to-reach crevices. We follow up with steam cleaning to break down grime and kill bacteria hiding in the fabric and surfaces.","Seat Shampooing and Extraction","Fabric and cloth seats get a deep shampoo with hot water extraction to pull out stains, dirt, and allergens. This process leaves your seats looking and smelling fresh, not just surface-level clean.","Leather Cleaning and Conditioning","Leather seats are cleaned with a pH-balanced solution to remove oils, dirt, and buildup. Then we apply a professional conditioner that restores moisture and prevents cracking or fading over time.","Dashboard and Trim Restoration","Your dashboard, center console, door panels, and all plastic or vinyl trim get cleaned and treated. We use UV-protective products that restore the original look without leaving a greasy or shiny residue.","Odor Elimination","We do not just cover up smells with air freshener. Our process targets odor at the source using steam and specialized treatments that neutralize pet smells, smoke, food odors, and more.","Window and Mirror Cleaning","All interior glass gets cleaned streak-free, including your windshield, side windows, mirrors, and rear glass. Clean glass makes a bigger difference than most people realize, both for looks and visibility.","We begin by removing all floor mats and loose items, then vacuum the entire interior including seats, carpets, trunk, and every gap and crevice.","Seats are shampooed and extracted (fabric) or cleaned and conditioned (leather). Stains get spot-treated with the right solution for the material.","The dashboard, console, door panels, and all trim surfaces are steam cleaned and dressed with UV-protective product to restore their original finish.","We eliminate odors at the source using steam and targeted odor-neutralizing treatments, not just a cover-up spray.","All interior glass is cleaned streak-free, and we do a final walk-through to make sure everything looks and smells like new.","ceramic-coating|exterior-detailing|paint-correction|truck-suv-detailing|rv-motorcycle"
"exterior-detailing","Exterior Detailing","Make Your Paint Look Showroom New","A drive-through car wash is not going to cut it. Our exterior detailing is a full, hands-on process that cleans, decontaminates, polishes, and protects every surface of your vehicle's exterior. We bring out the original depth and gloss of your paint and leave your wheels, tires, and trim looking their best.","Exterior Detailing Pleasanton & San Antonio TX | Shine On Autocare","Professional exterior detailing including hand wash, clay bar, machine polish, and premium wax protection. Mobile service in Pleasanton and San Antonio, TX.","exterior detailing Pleasanton TX, exterior detailing San Antonio, hand car wash, clay bar treatment, car polish, wax protection, mobile exterior detailing, auto exterior detail near me","Starting at $185. Price varies by vehicle size and condition.","130.00","exterior","Hand Wash and Dry","We wash your vehicle by hand using the two-bucket method and premium pH-neutral soap. No automated brushes or harsh chemicals. Every panel is carefully washed and dried with soft microfiber towels to avoid scratching.","Clay Bar Decontamination","After washing, we use a clay bar to pull out bonded contaminants like industrial fallout, brake dust, and tree sap that washing alone cannot remove. This leaves the paint perfectly smooth and ready for polishing.","Machine Polish","A machine polish brings out the true depth of your paint by removing light swirl marks, water spots, and minor surface imperfections. This step is what takes your finish from clean to like-new.","Premium Wax Protection","We apply a high-quality carnauba or synthetic wax that adds a rich, warm shine while protecting your paint from UV rays, rain, and road contaminants. The protection typically lasts 2 to 3 months depending on conditions.","Tire and Wheel Detail","Your wheels are degreased and scrubbed to remove brake dust and road grime. Tires are dressed with a UV-protectant that gives them a clean, rich look without being overly glossy.","Trim and Plastic Restoration","Faded exterior trim, plastic moldings, and rubber seals are treated with a restorer that brings back the deep black color and protects against further UV damage. It is a small detail that makes a big difference.","We start with a thorough pre-rinse to loosen dirt, then hand wash every panel using the two-bucket method and pH-neutral soap to prevent scratching.","The paint is decontaminated with a clay bar to remove embedded particles and bonded fallout, leaving the surface perfectly smooth.","We machine polish the paint to remove light swirls and bring out a deep, glossy finish that you can see your reflection in.","A premium wax or sealant is applied for lasting protection against the elements, giving your paint a warm, rich shine.","Wheels, tires, and exterior trim are cleaned, dressed, and restored to complete the look from top to bottom.","ceramic-coating|interior-detailing|paint-correction|truck-suv-detailing|rv-motorcycle"
"paint-correction","Paint Correction","Remove Swirls, Scratches, and Oxidation","If your paint is covered in swirl marks, fine scratches, or has started to look dull and faded, paint correction is what you need. This is not a quick polish. It is a careful, multi-step process that removes defects from your clear coat and restores the true depth and clarity of your paint. The results speak for themselves.","Paint Correction Pleasanton & San Antonio TX | Shine On Autocare","Professional paint correction to remove swirl marks, scratches, and oxidation. Restore your vehicle's original shine. Mobile service in Pleasanton and San Antonio, TX.","paint correction Pleasanton TX, paint correction San Antonio, swirl mark removal, scratch removal, oxidation removal, paint restoration, mobile paint correction, auto paint correction near me","Pricing depends on vehicle size and paint condition. Contact us for a custom quote.","","paint-correction","Paint Assessment","Before we touch a polisher, we inspect your paint under specialty lighting to map out every swirl, scratch, and defect. This lets us build a plan specific to your vehicle rather than using a one-size-fits-all approach.","Swirl Mark Removal","Those spider-web patterns you see in direct sunlight are caused by improper washing and drying. We use multi-stage machine polishing with the right pad and compound combination to safely remove them without thinning your clear coat.","Scratch and Scuff Repair","Light to moderate scratches and scuffs from door dings, keys, and everyday wear get polished down and blended in. If a scratch is too deep for correction, we will be honest about it rather than over-promise.","Oxidation Removal","Sun-damaged, chalky, or faded paint gets revived through careful compounding that strips away the oxidized layer and reveals the good paint underneath. This is especially common on red, black, and white vehicles in the Texas sun.","Color Depth Restoration","After correction, your paint's true color comes back to life. Blacks look deeper, reds look richer, and whites look crisp and clean. The difference between before and after is dramatic, and you will notice it right away.","Sealant Application","Once the paint is corrected, we lock in the results with a high-quality sealant that protects against UV damage and contamination. This keeps your freshly corrected paint looking great for months to come.","We wash and decontaminate the vehicle with a clay bar to create a perfectly clean surface before any polishing begins.","Under specialty lighting, we assess the paint condition and identify every swirl, scratch, and area of oxidation so we can plan the correction process.","Using a dual-action or rotary polisher with the appropriate compound and pad, we work through each panel methodically to remove defects while preserving clear coat thickness.","A finishing polish refines the surface to a mirror-like gloss, and we inspect under lights again to confirm all defects have been addressed.","We apply a protective sealant to lock in the corrected finish and provide lasting defense against UV rays and environmental contaminants.","ceramic-coating|interior-detailing|exterior-detailing|truck-suv-detailing|rv-motorcycle"
"full-detail","Full Detailing Premium","Our Top-Tier Detail — Inside, Outside, and Everything In Between","This is the works. Our Full Detailing Premium package covers every inch of your vehicle with the kind of attention most shops don't offer. From a complete interior restoration to paint decontamination, single-stage correction, and premium sealant, this is for owners who want their vehicle looking its absolute best.","Full Detailing Premium | Shine On Autocare | Pleasanton & San Antonio TX","Our top-tier detail package starting at $330. Multi-stage paint correction, full interior restoration, and premium sealant for lasting protection. Mobile service in Pleasanton and San Antonio, TX.","full detail Pleasanton TX, premium detailing San Antonio, complete car detail, paint correction detail, full interior exterior detail, mobile detailing premium package, best auto detail near me","Starting at $330. Final pricing depends on vehicle size and condition.","330.00","full","Full Interior Restoration","Every surface inside your vehicle gets attention. We deep clean seats, carpets, headliner, dashboard, console, and door panels. Leather is conditioned, fabric is extracted, and every crevice is detailed by hand.","Paint Decontamination","Before any polishing begins, we perform a full decontamination wash followed by a clay bar treatment. This removes bonded contaminants like brake dust, industrial fallout, and tree sap from your paint surface.","Single-Stage Paint Correction","We machine-polish your paint to remove swirl marks, light scratches, and water spots. This step restores clarity and depth to your paint before the sealant is applied, locking in a flawless finish.","Premium Sealant Application","A high-quality paint sealant is applied to protect your corrected paint. It creates a durable barrier against UV rays, water spots, and contaminants, keeping your vehicle looking sharp for months.","Wheel & Tire Detail","Wheels are cleaned inside and out, brake dust is removed, and tires are dressed for a deep, satin finish. Wheel wells are degreased and cleaned. Your wheels will look like new.","Engine Bay Cleaning","We degrease and detail your engine bay to remove grime, dust, and buildup. A clean engine bay makes maintenance easier, helps spot leaks early, and shows you take serious care of your vehicle.","We begin with a thorough pre-wash and rinse to remove loose dirt and debris. Then a full hand wash using the two-bucket method to prevent swirl marks.","The paint is decontaminated with a clay bar treatment to remove bonded contaminants, followed by an inspection under specialty lighting to assess paint condition.","A single-stage machine polish is performed to correct swirl marks, light scratches, and oxidation. We work panel by panel to ensure consistent results.","The interior receives a complete deep clean: vacuuming, extraction, steam cleaning, leather conditioning, and detail work on every surface and crevice.","A premium paint sealant is applied and allowed to cure. Tires are dressed, trim is restored, glass is cleaned inside and out, and a final walkthrough is performed.","ceramic-coating|interior-detailing|exterior-detailing|paint-correction|truck-suv-detailing"
"odor-removal","Odor Removal","Professional Odor Elimination for Smoke, Pets & More","Stubborn smells don't stand a chance. Whether it's cigarette smoke that's been building up for years, pet odors that won't go away, or mildew from a water leak, we eliminate odors at the source using ozone treatment and deep sanitization. No masking, no temporary fixes — just a genuinely fresh cabin.","Odor Removal | Smoke, Pet & Mildew | Shine On Autocare | Pleasanton & San Antonio TX","Professional odor removal for smoke, pets, mildew, and more. We eliminate odors at the source using ozone treatment and deep sanitization. Mobile service in Pleasanton and San Antonio, TX.","odor removal car, smoke smell removal vehicle, pet odor removal auto, car odor elimination, ozone treatment car, mildew removal vehicle, mobile odor removal Pleasanton TX, car smell removal San Antonio","Pricing varies based on odor type and severity. Contact us for a free assessment and quote.","","custom","Smoke Odor Elimination","Cigarette and cigar smoke gets into everything: seats, headliner, carpet, vents. We use professional-grade treatments to break down smoke particles and eliminate the smell completely, not just cover it up with air freshener.","Pet Odor Removal","Dogs, cats, and other pets leave behind odors that regular cleaning can't touch. We deep clean and treat all surfaces where pet dander, saliva, and urine have penetrated to restore a fresh cabin.","Mildew & Mold Treatment","Water leaks, spills, and Texas humidity can cause mold and mildew to grow in your carpet, under seats, and in your HVAC system. We locate the source, clean it thoroughly, and treat the area to prevent regrowth.","Ozone Treatment","Our ozone generator produces activated oxygen that penetrates every surface in your vehicle's cabin. It destroys odor-causing bacteria and molecules at the molecular level, leaving your vehicle smelling truly clean.","Deep Interior Sanitization","We steam clean and sanitize all fabric, leather, and hard surfaces. This removes the organic matter that causes lingering odors and also eliminates bacteria and allergens for a healthier cabin.","HVAC & Vent Cleaning","Odors trapped in your vehicle's ventilation system recirculate every time you turn on the AC or heat. We treat the evaporator and ductwork to eliminate smells at the source so fresh air stays fresh.","We start with a thorough inspection to identify the source and severity of the odor. Different odors require different treatment approaches, so this step is critical.","All fabric surfaces, including seats, carpet, headliner, and floor mats, are deep cleaned and extracted to remove embedded organic matter causing the smell.","Hard surfaces like the dashboard, console, and door panels are cleaned and sanitized. Leather surfaces are treated with products that neutralize odors without damaging the material.","An ozone treatment is run for the appropriate duration based on odor severity. The vehicle is sealed during this process to allow the ozone to penetrate every surface.","After treatment, the vehicle is ventilated and inspected to confirm the odor is fully eliminated. We walk you through any follow-up care recommendations.","interior-detailing|exterior-detailing|ceramic-coating|truck-suv-detailing"
"truck-suv-detailing","Truck & SUV Detailing","Specialized Care for Your Larger Vehicles","Trucks and SUVs need more than a standard detail. They are bigger, they work harder, and they get dirtier. Our truck and SUV detailing is built to handle everything from a muddy ranch truck to a family Suburban. We clean the bed, scrub the running boards, deep clean the interior, and make the exterior shine. If your truck or SUV has been through it, we will bring it back.","Truck & SUV Detailing Pleasanton & San Antonio TX | Shine On Autocare","Specialized detailing for trucks and SUVs. Truck bed cleaning, running board detail, full interior deep clean, and more. Mobile service in Pleasanton and San Antonio, TX.","truck detailing Pleasanton TX, SUV detailing San Antonio, truck bed cleaning, running board detail, large vehicle detailing, mobile truck detailing, truck wash near me, SUV detail South Texas","Pricing based on vehicle size and services selected. Contact us for your custom quote.","130.00","custom","Truck Bed Cleaning","We clean out the bed completely, removing dirt, mud, leaves, and any debris that has built up. Whether you have a spray-in liner, drop-in liner, or bare bed, we treat it properly and leave it looking clean and well-maintained.","Running Board Detail","Running boards and side steps collect mud, salt, and road grime faster than any other part of the vehicle. We scrub them down, remove buildup from textured surfaces, and dress them so they look and grip like they should.","Full Interior Deep Clean","Trucks and SUVs see heavy use. Muddy boots, dog hair, kid messes, and work gear take a toll on the cabin. We deep clean every surface, shampoo the seats and carpets, and condition any leather or vinyl so the interior feels fresh again.","Wheel Well and Undercarriage","Wheel wells and the undercarriage collect mud, salt, and road debris that can cause rust and corrosion over time. We clean them out thoroughly and apply protectant to help keep things in good shape underneath.","Exterior Wash and Wax","Larger vehicles have more surface area, and we give every square inch the same attention. A full hand wash, decontamination, and wax application leaves your truck or SUV with a deep, protected shine from the roof down to the rocker panels.","Tire Dressing and Chrome Polish","We dress your tires with UV-protectant for a clean, natural finish and polish any chrome bumpers, grilles, exhaust tips, or accessories so they shine like they should. It ties the whole look together.","We start by cleaning out the truck bed, wheel wells, and undercarriage to remove built-up mud, debris, and road grime before moving on to the rest of the vehicle.","The exterior gets a full hand wash, clay bar decontamination, and wax application. Running boards, rocker panels, and all trim pieces get individual attention.","Inside, we vacuum everything and deep clean the seats, carpets, and mats. Leather and vinyl surfaces are cleaned and conditioned, and all hard surfaces are wiped down and dressed.","Tires are dressed, chrome is polished, and we do a final walk-around to make sure every inch of your truck or SUV looks its best.","","ceramic-coating|interior-detailing|exterior-detailing|paint-correction|rv-motorcycle"
"rv-detailing","RV & Travel Trailer Detailing","Professional Care for Your Home on Wheels","Your RV or travel trailer is built for adventure, and it should look the part. Whether you're prepping for a road trip or cleaning up after one, we handle everything from roof to wheels with the right products for every surface. Our mobile service means we come to you — no need to haul your rig to a shop.","RV & Travel Trailer Detailing | Shine On Autocare | Pleasanton & San Antonio TX","Professional RV and travel trailer detailing. Full exterior wash, roof treatment, interior deep clean, and protective coatings. Mobile service in Pleasanton and San Antonio, TX.","RV detailing Pleasanton TX, RV detailing San Antonio, travel trailer detailing, motorhome wash, RV roof treatment, RV exterior cleaning, mobile RV detailing, RV detail near me, fifth wheel detailing","Pricing varies by RV size and condition. Contact us for a personalized quote.","","custom","Full Exterior Wash","RVs and trailers collect road film, bugs, and oxidation fast. We hand wash the entire exterior from top to bottom using products safe for fiberglass, aluminum, and painted surfaces. No automated brushes that can damage your finish.","Roof Cleaning & Treatment","The roof is the most neglected and most exposed part of any RV. We clean off mold, mildew, black streaks, and debris, then apply a protectant that helps prevent leaks and extends the life of your roof membrane.","Interior Deep Clean","RV interiors take a beating from road trips, cooking, and daily living. We deep clean all surfaces including upholstery, carpets, countertops, cabinets, and bathroom areas to make it feel like new inside.","Black Streak Removal","Those ugly dark streaks running down the sides of your RV are caused by oxidation and runoff from rubber seals. We safely remove them without damaging your gel coat or painted surface, restoring a clean, uniform appearance.","Awning Cleaning","Your awning collects mold, mildew, tree sap, and dirt over time. We clean both sides thoroughly and treat the fabric to help prevent future buildup and staining so it's ready for your next trip.","Protective Coating","After cleaning, we apply a UV-protective sealant or wax to your RV's exterior. This guards against sun damage, oxidation, and water spots, keeping your rig looking cleaner longer between washes.","We rinse the entire exterior from top to bottom to remove loose dirt, then hand wash each section with products appropriate for your RV's surface material — fiberglass, aluminum, or painted steel.","The roof is cleaned separately with a dedicated roof cleaner. We remove mold, mildew, and black streaks, then inspect seals and seams while we're up there.","Black streaks and oxidation on the sidewalls are treated and removed. The exterior is clay barred if needed to remove embedded contaminants.","The interior gets a full deep clean: vacuuming, surface cleaning, upholstery treatment, and sanitization of the kitchen and bathroom areas.","A protective sealant or wax is applied to the exterior, tires are dressed, and we do a final walkthrough to make sure everything meets our standards.","motorcycle-detailing|ceramic-coating|exterior-detailing|interior-detailing|truck-suv-detailing"
"motorcycle-detailing","Motorcycle Detailing","Show-Quality Detail for Your Ride","Your motorcycle isn't just transportation — it's a statement. We detail bikes with the precision they deserve, from chrome polish to engine detailing to paint protection. Every component gets individual attention using products made for each specific material. Whether it's a Harley cruiser or a sport bike, we'll make it look its best.","Motorcycle Detailing | Shine On Autocare | Pleasanton & San Antonio TX","Expert motorcycle detailing: chrome polish, paint protection, engine cleaning, and full detail. Mobile service in Pleasanton and San Antonio, TX.","motorcycle detailing Pleasanton TX, motorcycle detailing San Antonio, motorcycle chrome polish, motorcycle paint protection, Harley Davidson detailing, bike detail near me, mobile motorcycle detailing","Pricing varies by motorcycle type and condition. Contact us for a personalized quote.","","custom","Full Bike Wash & Dry","We start with a thorough hand wash using products that are safe for all motorcycle surfaces — paint, chrome, plastic, and rubber. No high-pressure blasting that can force water into electrical components or bearings.","Chrome & Metal Polish","Chrome exhaust pipes, handlebars, engine covers, and aluminum wheels are polished by hand until they shine. We remove tarnish, water spots, and light corrosion to bring back that mirror-like finish your bike deserves.","Paint Correction & Protection","Light swirl marks and scratches on your tank, fenders, and fairings are polished out. We then apply a protective sealant or wax to guard against UV damage and keep that deep gloss between rides.","Engine & Exhaust Detailing","The engine is degreased and detailed to remove road grime, oil residue, and bug splatter. Exhaust pipes are cleaned and polished. A clean engine runs cooler and lets you spot issues like leaks early.","Leather & Vinyl Care","Saddles, saddlebags, and grips are cleaned and conditioned to prevent cracking and fading from sun exposure. We use products designed specifically for motorcycle leather to keep it supple and protected.","Wheel & Spoke Detail","Wheels and spokes are cleaned individually to remove brake dust, chain lube, and road grime. We get into every spoke and every corner of the rim for a show-ready finish.","We begin with a careful rinse and hand wash, paying attention to avoid forcing water into electrical connections, bearings, and air intakes.","The engine and exhaust are degreased and detailed. We work around sensitive components carefully while removing accumulated grime and residue.","Chrome, aluminum, and metal surfaces are polished by hand. Painted surfaces are inspected and any swirl marks or light scratches are corrected.","Leather seats, bags, and accessories are cleaned and conditioned. Plastic and rubber components are treated with UV protectant.","A protective sealant is applied to painted and chrome surfaces. Wheels and spokes are cleaned, and the bike gets a final inspection to make sure every detail is right.","rv-detailing|ceramic-coating|paint-correction|exterior-detailing|truck-suv-detailing"
"rv-motorcycle","RV & Motorcycle Detailing","Expert Care for Your Recreational Vehicles","Your RV and motorcycle are built for good times, and they deserve to look the part. Whether you need your motorhome cleaned up after a long road trip or your bike polished for the weekend, we handle it with the same attention to detail we give every vehicle. We use the right products for each material and surface, so nothing gets damaged in the process.","RV & Motorcycle Detailing Pleasanton & San Antonio TX | Shine On Autocare","Expert detailing for RVs and motorcycles. Full exterior wash, roof treatment, chrome polish, and protective coatings. Mobile service in Pleasanton and San Antonio, TX.","RV detailing Pleasanton TX, motorcycle detailing San Antonio, RV wash, RV roof treatment, motorcycle chrome polish, recreational vehicle detailing, mobile RV detailing, motorcycle detail near me","Pricing varies by vehicle type and size. Contact us for a personalized quote.","","custom","Full RV Exterior Wash","RVs pick up road film, bugs, and oxidation like nothing else. We hand wash the entire exterior from top to bottom using products safe for fiberglass, aluminum, and painted surfaces. No automated brushes, just careful, thorough cleaning.","RV Roof Treatment","The roof is one of the most neglected parts of any RV, and it is also the most exposed. We clean off mold, mildew, and debris, then apply a protectant that helps prevent leaks and extends the life of your roof membrane.","Motorcycle Full Detail","We detail motorcycles with the care they deserve. Every component gets attention, from the tank and fenders to the engine, exhaust, and spokes. We clean, polish, and protect each surface using products made for the specific material.","Chrome and Metal Polish","Chrome exhaust pipes, handlebars, engine covers, and aluminum wheels are polished by hand until they shine. We remove tarnish, water spots, and light corrosion to bring back that mirror-like finish.","Vinyl and Leather Care","RV interiors and motorcycle seats take a beating from sun exposure and regular use. We clean and condition vinyl, leather, and synthetic materials to keep them soft, protected, and looking good for the long haul.","Protective Coating Application","After detailing, we can apply a protective sealant or coating to your RV or motorcycle to guard against UV damage, water spots, and road grime. This keeps your vehicle looking cleaner longer and makes future washes much easier.","We rinse and hand wash the entire exterior, working section by section with products matched to your vehicle's surface material, whether it is fiberglass, aluminum, or painted steel.","For RVs, the roof is cleaned and treated separately to remove mold, mildew, and buildup. For motorcycles, the engine, exhaust, and mechanical components are degreased and detailed.","Chrome, aluminum, and metal surfaces are polished by hand. Vinyl, leather, and interior surfaces are cleaned and conditioned to restore their original look and feel.","A protective sealant or coating is applied to the exterior to lock in the shine and provide lasting defense against the Texas sun, road debris, and the elements.","","ceramic-coating|interior-detailing|exterior-detailing|paint-correction|truck-suv-detailing"
